<?xml version="1.0" encoding="utf-8" standalone="no" ?>
<modDesc descVersion="20">

   <author>derSchreiner</author>
    <title>
		<en>balerAddgrass</en>
        <de>balerAddgrass</de>        
    </title>
    <description>
        <en>balerAddgrass</en>
		<de>balerAddgrass</de>
 	</description>
    <multiplayer supported="true"/>   
	<iconFilename>store.dds</iconFilename>
	<version>1</version>
	
	<extraSourceFiles>
       	<sourceFile filename="Register.lua" />
	</extraSourceFiles>
	
</modDesc>