﻿<?xml version="1.0" encoding="utf-8" standalone="no" ?>
<modDesc descVersion="20">
	<author>Marhu</author>
	<version>1.1</version> 
	<title>
		<en>adjustable Mirror</en>
        <de>verstellbare Spiegel</de>        
    </title>
    <description>
        <en>adjustable Mirror.</en>
		<de>verstellbare Spiegel.</de>
 	</description>
    <multiplayer supported="true"/>   
	<iconFilename>store.png</iconFilename>
	<l10n>
		<text name="adjustableMirror_ADJUSTMIRROR"> <en>Mirror adjustable</en> <de>Spiegel verstellbar</de> </text>
    </l10n>	
	<extraSourceFiles>
        <sourceFile filename="register.lua" />
    </extraSourceFiles>    
	<inputBindings>
       	<input name="adjustableMirror_ADJUSTMIRROR" key1="KEY_5" button="" />
	</inputBindings>
</modDesc>