﻿<?xml version="1.0" encoding="utf-8" standalone="no" ?>
<modDesc descVersion="21">
    <title>
		<en>Inspector</en>
		<de>Inspector</de>
		<fr>Inspector</fr>
    </title>
    <description>
		<en>
<![CDATA[Displays a list of all vehicles in use, either by players or by helpers.
It also shows the status of combines tank fill level.
Alt+A - toggle display on/off]]>
		</en>
		<de>
<![CDATA[Zeigt eine Liste aller Fahrzeuge die gerade im Gebrauch sind.
Zeigt auch die Füllstände der Mähdrescher an.
Alt+A - Anzeige ein/aus]]>
	   </de>
	   <fr>
<![CDATA[Montre la liste de tous les véhicules en cours d'utilisation, que ce soit par un joueur ou un helper.
Montre égalemment le niveau de remplissage des moissonneuses batteuses.
Alt+Q - Toggle On/Off]]>
	   </fr>
    </description>
    <author>edmund 2011 - AusiMods 2013 - badtime - Gerol</author>
    <version>1.2</version>
    <iconFilename>store.dds</iconFilename>
    <multiplayer supported="true"/>
    <extraSourceFiles>
        <sourceFile filename="inspector.lua" />
    </extraSourceFiles>
	<l10n>
		<text name="rape">
            <en>Rape</en>
            <de>Raps</de>
			<fr>Colza</fr>
        </text>
		<text name="barley">
            <en>Barley</en>
            <de>Gerste</de>
			<fr>Orge</fr>
        </text>
		<text name="wheat">
            <en>Wheat</en>
            <de>Weizen</de>
			<fr>Blé</fr>
        </text>
		<text name="maize">
            <en>Maize</en>
            <de>Körnermais</de>
			<fr>Maïs</fr>
        </text>
		<text name="UNKNOWN">
            <en>unknown</en>
            <de>unbekannt</de>
			<fr>autre</fr>
        </text>
		<text name="chaff">
            <en>chaff</en>
            <de>Stroh</de>
			<fr>Paille</fr>
        </text>
		<text name="potato">
            <en>potato</en>
            <de>Kartoffeln</de>
			<fr>Pommes de terre</fr>
        </text>
		<text name="sugarBeet">
            <en>sugarbeet</en>
            <de>Zuckerrüben</de>
			<fr>Betteraves</fr>
        </text>
		<text name="silage">
            <en>silage</en>
            <de>Silage</de>
			<fr>Ensilage</fr>
        </text>
		<text name="woodChips">
            <en>woodchips</en>
            <de>Hackschnitzel</de>
			<fr>Copeaux</fr>
        </text>
    </l10n>
</modDesc>