﻿<?xml version="1.0" encoding="utf-8" standalone="no" ?>
<modDesc descVersion="20">
    <author>CLOD</author>
    <version>1.15</version>
    <title>
        <en>HUD hider</en>
        <de>HUD hider</de>
    </title>
    <description>
        <en>
<![CDATA[Show-hide HUD by Clod
http://forum.tractor-italia.net]]>
        </en>
        <de>
<![CDATA[Show-hide HUD by Clod
http://forum.tractor-italia.net]]>
        </de>
    </description>
    <iconFilename>store.dds</iconFilename>
    <multiplayer supported="true"/>
    <extraSourceFiles>
        <sourceFile filename="scripts/CLODhudTIF.lua" />
    </extraSourceFiles>
    <l10n>
        
        <text name="ChudHideHud">    <en>Hide HUD </en><de>HUD ausblenden</de></text>
    </l10n>
    <inputBindings>
        <input name="ChudHideHud"  category="ONFOOT VEHICLE" key1="KEY_lalt KEY_h" key2="" button="" device="0" mouse="" />
    </inputBindings>
</modDesc>
