﻿<?xml version="1.0" encoding="utf-8" standalone="no" ?>
<ASEGlobals>
    <aiSteering type="float" value="1.000000" />
    <aiSteering2 type="float" value="-0.750000" />
    <aiSteering3 type="float" value="-0.500000" />
    <angleMax value="6" />
    <angleStep value="7" />
    <!--angleSafety type="float" value="0.333333" /-->
    <angleSafety type="float" value="0.900000" />
    <artAxisMode value="1" />
    <artAxisRot type="float" value="0.500000" />
    <artAxisShift type="float" value="-0.500000" />
    <average type="bool" value="false" />
    <chainDivide value="3" />
    <chainFactor1 type="float" value="0.500000" />
    <chainRefine value="2" />
    <chainLenInc type="float" value="1.000000" />
    <chainLen type="float" value="1.500000" />
    <chainMax value="6" />
    <chainMinLen value="10" />
		<colliMask type="bool" value="true" />
		<colliStep type="float" value="0.200000" />
		<ignoreDist value="2" />
    <maxLooking value="15" />
    <minLength type="bool" value="true" />
    <minMidDist type="bool" value="true" />
    <offtracking value="3" />
    <reverseDir type="bool" value="false" />
    <roueSupport type="bool" value="true" />
    <stepLog2 value="2" />
    <widthDec type="float" value="0.005000" />
    <yieldCount value="200" />
		<zeroAngle type="bool" value="true" />
		<getIsHired type="bool" value="false" />
</ASEGlobals>